gene,label
55958,0
1831,1
4864,2
8202,3
51056,4
1846,5
23097,6
9667,7
6509,8
1616,9
16,10
11230,11
91300,12
23649,13
23530,14
9519,15
2309,16
23053,17
3508,18
1843,19
80212,20
5498,21
5054,22
1509,23
63891,24
9712,25
10162,26
6525,27
11182,28
3988,29
211,30
1662,31
3725,32
8634,33
10848,34
8869,35
481,36
51097,37
2113,38
23635,39
90411,40
26036,41
5580,42
55761,43
375346,44
23094,45
11200,46
7165,47
29115,48
2752,49
2065,50
23536,51
687,52
79071,53
6713,54
6304,55
25901,56
5106,57
7158,58
26020,59
23038,60
10635,61
54499,62
1198,63
8061,64
51315,65
11031,66
51616,67
9289,68
64427,69
9016,70
10180,71
6723,72
5611,73
63874,74
4208,75
8678,76
6781,77
6347,78
23051,79
10466,80
8878,81
2769,82
5627,83
79901,84
10019,85
8722,86
9587,87
4669,88
23383,89
57820,90
23401,91
25976,92
6990,93
2353,94
83463,95
4783,96
4780,97
1066,98
10298,99
7319,100
8726,101
727,102
3157,103
9961,104
7286,105
10493,106
12,107
79713,108
1021,109
868,110
5927,111
4118,112
3310,113
115817,114
57406,115
79187,116
55596,117
1318,118
2286,119
3162,120
24144,121
29928,122
51439,123
23368,124
115,125
672,126
57048,127
3185,128
468,129
5257,130
3949,131
57763,132
23131,133
25803,134
10797,135
5468,136
8804,137
23387,138
3476,139
3108,140
11152,141
6015,142
3931,143
1786,144
7538,145
54442,146
57402,147
8881,148
3280,149
5238,150
9267,151
5588,152
54739,153
55204,154
1022,155
178,156
7099,157
8985,158
23378,159
5271,160
58477,161
23212,162
9968,163
8731,164
4482,165
79170,166
57698,167
582,168
80271,169
823,170
1052,171
23070,172
2959,173
10598,174
1389,175
1491,176
26511,177
30850,178
9903,179
10695,180
55227,181
2920,182
55818,183
8444,184
10014,185
1200,186
10482,187
901,188
23335,189
148022,190
4851,191
6655,192
8569,193
3551,194
1301,195
4776,196
23645,197
79735,198
3965,199
7128,200
1337,201
64080,202
5423,203
29954,204
8345,205
4668,206
6324,207
64061,208
7494,209
23429,210
4846,211
9670,212
55092,213
701,214
55008,215
22889,216
3995,217
5884,218
2069,219
6657,220
994,221
27113,222
3163,223
25844,224
10043,225
3553,226
7358,227
81873,228
6402,229
5255,230
23061,231
6284,232
7133,233
3628,234
8935,235
10950,236
3422,237
29978,238
230,239
11197,240
8859,241
8514,242
2810,243
55033,244
9641,245
7074,246
3576,247
6817,248
11261,249
10270,250
10318,251
23753,252
9236,253
9851,254
8672,255
1718,256
1845,257
1161,258
4597,259
291,260
843,261
427,262
220,263
10610,264
5261,265
3105,266
26140,267
629,268
4125,269
2523,270
7407,271
10320,272
2804,273
10589,274
4791,275
6016,276
5743,277
9648,278
4792,279
3383,280
1759,281
102,282
25809,283
1475,284
6909,285
79587,286
6890,287
5836,288
9988,289
23210,290
10013,291
1514,292
6364,293
5566,294
7917,295
4126,296
8503,297
976,298
1311,299
5613,300
9709,301
4023,302
64746,303
84722,304
7016,305
5909,306
5058,307
80700,308
55367,309
26233,310
57192,311
9677,312
23612,313
10782,314
27346,315
8076,316
3107,317
23129,318
1268,319
5997,320
5467,321
9918,322
8720,323
1847,324
57523,325
7077,326
79090,327
6891,328
51170,329
23190,330
4924,331
26959,332
55601,333
25807,334
1891,335
27250,336
79947,337
8349,338
3156,339
51652,340
1979,341
10005,342
1649,343
2261,344
54681,345
84617,346
64423,347
10641,348
23120,349
9467,350
10347,351
34,352
4123,353
114034,354
8646,355
207,356
4582,357
10723,358
6392,359
55856,360
1001,361
51083,362
3678,363
5920,364
2872,365
2222,366
57804,367
9552,368
9143,369
2824,370
50865,371
23224,372
2887,373
22839,374
51422,375
2232,376
4627,377
8767,378
6307,379
10903,380
1954,381
7262,382
54431,383
1471,384
29103,385
124565,386
5571,387
392,388
4638,389
4312,390
7430,391
10681,392
2987,393
10559,394
23659,395
5654,396
6804,397
4794,398
6195,399
25,400
4047,401
5526,402
1955,403
6810,404
11020,405
5971,406
10385,407
27000,408
1026,409
23408,410
63916,411
51226,412
80208,413
1519,414
5831,415
50814,416
3482,417
84159,418
23654,419
822,420
9415,421
9221,422
55608,423
5788,424
53343,425
6845,426
9637,427
23276,428
1604,429
4131,430
6919,431
4601,432
30836,433
3300,434
7439,435
64077,436
10057,437
7376,438
4140,439
5366,440
2551,441
23650,442
3797,443
54541,444
1643,445
2817,446
23588,447
4128,448
23476,449
11011,450
10818,451
64782,452
175,453
5166,454
9540,455
3775,456
23360,457
665,458
58533,459
79629,460
4850,461
79586,462
6727,463
11284,464
1459,465
4998,466
51001,467
9749,468
4677,469
842,470
818,471
533,472
9325,473
171586,474
7994,475
26229,476
5723,477
2185,478
4701,479
6774,480
65123,481
7296,482
3964,483
1396,484
23670,485
2150,486
1176,487
79600,488
7157,489
5641,490
7453,491
64135,492
2617,493
4925,494
3727,495
2947,496
6696,497
10919,498
3659,499
10628,500
9181,501
23135,502
389898,503
2790,504
8900,505
5720,506
27244,507
11179,508
64393,509
26043,510
10398,511
22883,512
6450,513
10285,514
898,515
7043,516
3861,517
221443,518
3784,519
10150,520
55080,521
1676,522
10954,523
2878,524
283537,525
51271,526
79753,527
3638,528
4200,529
1291,530
10221,531
5660,532
9266,533
80256,534
79872,535
23522,536
8754,537
10206,538
4016,539
55742,540
1647,541
79706,542
9451,543
55081,544
51026,545
51093,546
2962,547
1543,548
7030,549
1293,550
28955,551
23556,552
6461,553
57326,554
60673,555
7852,556
6199,557
4616,558
5264,559
25805,560
1839,561
79844,562
23764,563
10379,564
55602,565
29968,566
6385,567
60509,568
5708,569
4179,570
79718,571
66008,572
4303,573
54432,574
4141,575
55741,576
7378,577
467,578
23647,579
2263,580
6337,581
5480,582
29893,583
9246,584
2582,585
6451,586
11098,587
7070,588
2058,589
7105,590
6782,591
9197,592
10272,593
3491,594
6988,595
81631,596
6251,597
23338,598
7134,599
55957,600
9821,601
8800,602
9053,603
5734,604
8565,605
54438,606
57787,607
6793,608
3106,609
4043,610
26152,611
25825,612
80764,613
858,614
93129,615
8851,616
7020,617
3815,618
833,619
53916,620
11124,621
55650,622
529,623
4814,624
51160,625
393,626
55144,627
23223,628
30008,629
7936,630
9820,631
11080,632
3597,633
682,634
7015,635
1201,636
6938,637
5265,638
9710,639
3134,640
10069,641
5357,642
57103,643
1540,644
3669,645
11078,646
6850,647
3475,648
6714,649
2073,650
10525,651
2690,652
56994,653
56649,654
25875,655
90993,656
9813,657
81566,658
51526,659
8974,660
5925,661
1870,662
375056,663
51706,664
3454,665
51514,666
137886,667
51599,668
8813,669
5876,670
55191,671
10668,672
79971,673
3985,674
10962,675
307,676
55837,677
3611,678
7018,679
5834,680
6721,681
54800,682
5829,683
1666,684
9817,685
6520,686
60559,687
54850,688
581,689
2896,690
26528,691
5300,692
2274,693
9150,694
10845,695
22863,696
55620,697
8821,698
11072,699
26747,700
10273,701
6272,702
81,703
25966,704
10099,705
637,706
23139,707
64780,708
55707,709
2542,710
9842,711
5891,712
54386,713
2770,714
79758,715
10451,716
11260,717
23385,718
7277,719
10956,720
1950,721
8270,722
10007,723
10682,724
7178,725
2673,726
694,727
24138,728
6616,729
10469,730
6947,731
8799,732
1958,733
126298,734
23303,735
788,736
54957,737
2908,738
1978,739
10551,740
9455,741
5147,742
10486,743
57062,744
64848,745
10730,746
22905,747
47,748
7127,749
3309,750
115201,751
9578,752
55974,753
11186,754
22856,755
3854,756
22841,757
23149,758
8553,759
54978,760
5894,761
10904,762
3326,763
11120,764
4758,765
10765,766
7559,767
5607,768
6840,769
55031,770
6590,771
3425,772
5710,773
127544,774
1969,775
59342,776
4193,777
80853,778
4817,779
3133,780
3073,781
51187,782
10745,783
81576,784
9546,785
3654,786
81544,787
6603,788
1500,789
84060,790
780,791
991,792
2548,793
6790,794
9854,795
85377,796
6659,797
9913,798
1454,799
57215,800
2098,801
1212,802
2534,803
5898,804
5652,805
7107,806
4860,807
7159,808
23600,809
5211,810
4313,811
3486,812
51635,813
8837,814
55062,815
83716,816
9738,817
55249,818
23657,819
8546,820
2180,821
8744,822
23469,823
1956,824
2707,825
2064,826
23597,827
2767,828
1774,829
57142,830
23710,831
55219,832
5048,833
1788,834
57117,835
8312,836
9695,837
6275,838
51094,839
56937,840
56890,841
4277,842
26019,843
840,844
57154,845
116039,846
9338,847
55652,848
10916,849
5777,850
55179,851
26007,852
6839,853
51569,854
22872,855
64376,856
9766,857
9488,858
9249,859
4088,860
3934,861
84890,862
2921,863
54502,864
27242,865
55129,866
54838,867
51449,868
7593,869
79094,870
5019,871
10953,872
9761,873
6701,874
79664,875
23558,876
2944,877
4891,878
56942,879
4644,880
9869,881
6472,882
9924,883
5164,884
648,885
39,886
5154,887
29110,888
80758,889
1652,890
1069,891
6443,892
22838,893
387,894
27101,895
191,896
7596,897
3909,898
51362,899
9187,900
7750,901
3122,902
6676,903
595,904
9792,905
55281,906
440,907
55251,908
2624,909
23258,910
3913,911
3315,912
2961,913
10473,914
5699,915
9021,916
23673,917
7942,918
4736,919
2664,920
10153,921
79022,922
54919,923
6261,924
5025,925
4929,926
10483,927
7171,928
329,929
1465,930
1727,931
92689,932
5493,933
440026,934
23585,935
2588,936
11325,937
23130,938
10078,939
8743,940
123803,941
64743,942
9567,943
5698,944
157680,945
2745,946
6499,947
10959,948
10133,949
950,950
9978,951
63940,952
51741,953
60492,954
10241,955
55825,956
1959,957
10957,958
23529,959
7071,960
23461,961
154,962
79188,963
9702,964
9926,965
6915,966
10891,967
23705,968
116985,969
11142,970
4072,971
5226,972
54828,973
200734,974
7485,975
79174,976
79643,977
9759,978
51185,979
57658,980
55624,981
9907,982
9097,983
2739,984
26471,985
201229,986
2152,987
9666,988
9533,989
8669,990
8835,991
7726,992
290,993
1017,994
2042,995
10813,996
25998,997
3081,998
5359,999
5394,1000
10202,1001
528,1002
9129,1003
5329,1004
1316,1005
2852,1006
10523,1007
7702,1008
79921,1009
64121,1010
112950,1011
27076,1012
28971,1013
10209,1014
79874,1015
9,1016
374,1017
10327,1018
10346,1019
5696,1020
10915,1021
5289,1022
3295,1023
7321,1024
2012,1025
10046,1026
10401,1027
10732,1028
6729,1029
1595,1030
1340,1031
25949,1032
10938,1033
3268,1034
2048,1035
55197,1036
5721,1037
26039,1038
25814,1039
348,1040
1793,1041
10507,1042
6576,1043
8479,1044
81575,1045
57591,1046
26973,1047
22823,1048
652,1049
1314,1050
1445,1051
51293,1052
90410,1053
51646,1054
80777,1055
57018,1056
9950,1057
9847,1058
5476,1059
10365,1060
6301,1061
90864,1062
79003,1063
51330,1064
56924,1065
1999,1066
60526,1067
6319,1068
9805,1069
80351,1070
57007,1071
10892,1072
51478,1073
5827,1074
79006,1075
91543,1076
6560,1077
27095,1078
999,1079
1515,1080
63924,1081
80755,1082
79612,1083
3930,1084
9935,1085
9885,1086
8398,1087
1263,1088
7791,1089
728661,1090
10111,1091
6468,1092
23029,1093
51227,1094
10670,1095
1315,1096
3398,1097
7763,1098
6249,1099
54498,1100
6897,1101
79145,1102
10810,1103
116832,1104
10051,1105
10384,1106
51450,1107
6302,1108
978,1109
51696,1110
56888,1111
11272,1112
3006,1113
210,1114
549,1115
51742,1116
139322,1117
27109,1118
4152,1119
23162,1120
9775,1121
10491,1122
7873,1123
1829,1124
10581,1125
664,1126
6293,1127
4609,1128
51466,1129
9146,1130
6622,1131
93594,1132
79956,1133
79752,1134
990,1135
4836,1136
55324,1137
9361,1138
10371,1139
2146,1140
25983,1141
11151,1142
8870,1143
23113,1144
8027,1145
4594,1146
501,1147
1437,1148
54807,1149
6048,1150
1848,1151
5900,1152
126321,1153
3918,1154
3096,1155
5473,1156
78991,1157
10808,1158
56965,1159
51278,1160
8942,1161
4052,1162
56005,1163
2934,1164
11034,1165
10113,1166
9739,1167
6120,1168
56061,1169
169611,1170
10519,1171
83989,1172
8644,1173
51719,1174
3663,1175
23042,1176
51720,1177
55621,1178
1407,1179
10095,1180
91746,1181
51008,1182
5822,1183
9025,1184
51084,1185
29982,1186
5867,1187
10444,1188
8659,1189
29074,1190
4291,1191
8614,1192
3337,1193
64374,1194
29911,1195
23299,1196
1906,1197
54677,1198
9367,1199
1850,1200
8324,1201
3338,1202
57761,1203
403,1204
1054,1205
3566,1206
8321,1207
27122,1208
3853,1209
84061,1210
5252,1211
11062,1212
5440,1213
25874,1214
1942,1215
10524,1216
79178,1217
11000,1218
29916,1219
22882,1220
3852,1221
9836,1222
7050,1223
51573,1224
79573,1225
8996,1226
60558,1227
56616,1228
54407,1229
4636,1230
79961,1231
113791,1232
1717,1233
83937,1234
3240,1235
10955,1236
10540,1237
51307,1238
55735,1239
26227,1240
9917,1241
9939,1242
54793,1243
2923,1244
2176,1245
10550,1246
26064,1247
3726,1248
26001,1249
8434,1250
51317,1251
2805,1252
2717,1253
140459,1254
3872,1255
10972,1256
81533,1257
5796,1258
10513,1259
10237,1260
5976,1261
78994,1262
5116,1263
1062,1264
9927,1265
29072,1266
5055,1267
23410,1268
51385,1269
65018,1270
9052,1271
2762,1272
22885,1273
51004,1274
3033,1275
8517,1276
4793,1277
79155,1278
81853,1279
2941,1280
81565,1281
22887,1282
158747,1283
6386,1284
2958,1285
6507,1286
79132,1287
638,1288
3868,1289
26993,1290
24140,1291
8446,1292
22875,1293
65109,1294
5287,1295
2014,1296
7743,1297
3303,1298
4189,1299
25855,1300
10973,1301
2037,1302
10969,1303
3480,1304
4907,1305
3204,1306
3416,1307
29994,1308
7082,1309
23192,1310
55638,1311
5603,1312
10174,1313
2289,1314
29889,1315
256364,1316
64167,1317
4171,1318
9261,1319
1545,1320
7088,1321
847,1322
8408,1323
55290,1324
55246,1325
6892,1326
55558,1327
55323,1328
7915,1329
64838,1330
9445,1331
9409,1332
25932,1333
9315,1334
5993,1335
1376,1336
10488,1337
8233,1338
25888,1339
25903,1340
56654,1341
26273,1342
7248,1343
4335,1344
5547,1345
527,1346
84823,1347
5525,1348
83480,1349
6745,1350
54882,1351
1628,1352
23608,1353
896,1354
7184,1355
3800,1356
54974,1357
875,1358
9570,1359
51014,1360
8091,1361
8518,1362
64754,1363
5715,1364
85236,1365
10826,1366
6697,1367
7108,1368
3092,1369
27350,1370
5770,1371
6184,1372
6018,1373
3376,1374
55374,1375
6303,1376
25852,1377
1855,1378
23474,1379
30844,1380
8449,1381
6742,1382
8910,1383
8894,1384
51566,1385
55616,1386
7543,1387
596,1388
22926,1389
7048,1390
6239,1391
2224,1392
9277,1393
55700,1394
125058,1395
4013,1396
51643,1397
55898,1398
26286,1399
3840,1400
10554,1401
6273,1402
2354,1403
10058,1404
3998,1405
25776,1406
10144,1407
29937,1408
4643,1409
3992,1410
10634,1411
8780,1412
10123,1413
3675,1414
9217,1415
8227,1416
8846,1417
9124,1418
91355,1419
9592,1420
10423,1421
5187,1422
958,1423
813,1424
25941,1425
7280,1426
1944,1427
5426,1428
2593,1429
8861,1430
4067,1431
51279,1432
2000,1433
51070,1434
558,1435
7172,1436
3202,1437
80149,1438
9735,1439
79663,1440
56948,1441
55224,1442
93487,1443
26136,1444
9928,1445
3914,1446
8334,1447
7982,1448
55840,1449
10432,1450
6117,1451
5587,1452
64065,1453
201562,1454
26277,1455
5274,1456
64781,1457
138050,1458
8605,1459
2181,1460
10567,1461
79777,1462
9373,1463
3978,1464
23363,1465
2553,1466
3382,1467
6698,1468
131601,1469
3685,1470
23400,1471
5002,1472
54962,1473
466,1474
327,1475
824,1476
24139,1477
7508,1478
27336,1479
9454,1480
5108,1481
400,1482
80830,1483
10142,1484
5087,1485
9204,1486
7874,1487
171546,1488
5950,1489
355,1490
54210,1491
10367,1492
23161,1493
5939,1494
80219,1495
7314,1496
9636,1497
23786,1498
83737,1499
79366,1500
29083,1501
28969,1502
25987,1503
54454,1504
5128,1505
6548,1506
821,1507
55143,1508
4839,1509
10671,1510
6118,1511
80308,1512
1112,1513
8892,1514
11140,1515
9584,1516
8204,1517
55076,1518
1153,1519
64837,1520
23371,1521
8991,1522
6868,1523
57140,1524
9825,1525
55254,1526
23443,1527
7542,1528
10112,1529
6503,1530
670,1531
590,1532
58155,1533
9419,1534
25777,1535
4240,1536
7051,1537
54939,1538
4217,1539
54205,1540
11004,1541
50717,1542
23253,1543
7263,1544
97,1545
9128,1546
29880,1547
57798,1548
30001,1549
11222,1550
30849,1551
51024,1552
7421,1553
4331,1554
10921,1555
10494,1556
8473,1557
2736,1558
3155,1559
22950,1560
7095,1561
5716,1562
5597,1563
91373,1564
11157,1565
79770,1566
9183,1567
9518,1568
11282,1569
2730,1570
79960,1571
2281,1572
11258,1573
55823,1574
6772,1575
57610,1576
6917,1577
80279,1578
2317,1579
7988,1580
51188,1581
11017,1582
57130,1583
1802,1584
8665,1585
1290,1586
3589,1587
8914,1588
1368,1589
79890,1590
11311,1591
10147,1592
64118,1593
60685,1594
7551,1595
64110,1596
5982,1597
8727,1598
79443,1599
6648,1600
2517,1601
9056,1602
2316,1603
144404,1604
26205,1605
11007,1606
6396,1607
6885,1608
63899,1609
9531,1610
1632,1611
5869,1612
5636,1613
53827,1614
7799,1615
10975,1616
9276,1617
29995,1618
10450,1619
874,1620
6812,1621
54453,1622
55454,1623
25840,1624
9657,1625
3032,1626
5110,1627
3043,1628
10166,1629
9871,1630
138151,1631
8417,1632
3097,1633
23358,1634
55802,1635
11193,1636
80198,1637
7844,1638
27161,1639
80194,1640
1725,1641
124044,1642
79894,1643
5663,1644
6748,1645
11345,1646
323,1647
1528,1648
84243,1649
10329,1650
5873,1651
22864,1652
8508,1653
1728,1654
55108,1655
23411,1656
7699,1657
4055,1658
2592,1659
23339,1660
51136,1661
9886,1662
1687,1663
389,1664
28966,1665
79716,1666
147179,1667
25865,1668
10120,1669
23099,1670
5167,1671
2760,1672
8795,1673
11160,1674
10302,1675
51341,1676
9603,1677
2954,1678
79571,1679
54504,1680
6309,1681
8609,1682
1326,1683
27032,1684
80746,1685
51167,1686
54867,1687
4595,1688
80232,1689
4232,1690
164,1691
79080,1692
10802,1693
64750,1694
8476,1695
3430,1696
826,1697
4289,1698
8896,1699
1534,1700
10456,1701
1050,1702
5899,1703
6692,1704
6150,1705
1836,1706
3569,1707
8841,1708
11021,1709
286451,1710
9167,1711
3885,1712
2108,1713
100287932,1714
4750,1715
55827,1716
7328,1717
5268,1718
51171,1719
64431,1720
10130,1721
3164,1722
2184,1723
10725,1724
79693,1725
23255,1726
5875,1727
57035,1728
112398,1729
81031,1730
112611,1731
57862,1732
23256,1733
23075,1734
9605,1735
157567,1736
23479,1737
8877,1738
4077,1739
2175,1740
22904,1741
902,1742
10370,1743
2997,1744
57707,1745
10893,1746
1123,1747
905,1748
8882,1749
374291,1750
10560,1751
22828,1752
58190,1753
27044,1754
25959,1755
54521,1756
8826,1757
2273,1758
10103,1759
22824,1760
4605,1761
81926,1762
23082,1763
995,1764
79581,1765
29080,1766
9818,1767
3689,1768
200081,1769
9440,1770
5516,1771
80328,1772
26999,1773
1646,1774
8943,1775
6609,1776
60493,1777
3198,1778
330,1779
9133,1780
8318,1781
65117,1782
51400,1783
10276,1784
55269,1785
8273,1786
79665,1787
55034,1788
8568,1789
57178,1790
91137,1791
23304,1792
54961,1793
18,1794
28956,1795
11054,1796
54733,1797
55361,1798
55884,1799
83460,1800
8850,1801
10557,1802
51510,1803
3423,1804
10213,1805
22944,1806
26751,1807
9668,1808
8339,1809
10079,1810
23609,1811
23041,1812
5290,1813
9091,1814
54815,1815
7753,1816
65084,1817
6734,1818
64761,1819
4775,1820
35,1821
51499,1822
5236,1823
3624,1824
51282,1825
5707,1826
65095,1827
310,1828
5046,1829
9341,1830
84079,1831
6591,1832
7923,1833
8874,1834
55148,1835
9958,1836
9776,1837
6257,1838
873,1839
4790,1840
22870,1841
7905,1842
1730,1843
29915,1844
5905,1845
9212,1846
83444,1847
2619,1848
199,1849
10644,1850
23207,1851
8501,1852
4528,1853
166,1854
80227,1855
8131,1856
372,1857
6367,1858
55379,1859
1677,1860
5986,1861
835,1862
339229,1863
6510,1864
1983,1865
10487,1866
622,1867
152559,1868
29980,1869
23200,1870
1912,1871
27347,1872
1611,1873
8050,1874
79797,1875
4927,1876
51657,1877
5157,1878
51540,1879
22941,1880
10211,1881
25909,1882
79143,1883
23294,1884
4651,1885
2314,1886
1119,1887
10907,1888
7318,1889
64786,1890
29058,1891
79029,1892
5984,1893
6778,1894
1650,1895
9933,1896
4097,1897
6400,1898
705,1899
1027,1900
55171,1901
3665,1902
3693,1903
23463,1904
55893,1905
2535,1906
891,1907
50813,1908
9134,1909
10049,1910
150094,1911
64601,1912
1645,1913
25829,1914
23142,1915
92342,1916
8195,1917
22996,1918
26517,1919
131408,1920
728642,1921
30851,1922
585,1923
7414,1924
23541,1925
836,1926
6746,1927
55635,1928
23287,1929
8682,1930
10897,1931
10516,1932
205564,1933
11188,1934
1974,1935
84869,1936
2936,1937
9528,1938
3029,1939
50,1940
4363,1941
6050,1942
3170,1943
10105,1944
6882,1945
23275,1946
11041,1947
10096,1948
283232,1949
79759,1950
7342,1951
64787,1952
63875,1953
5202,1954
26005,1955
9686,1956
26054,1957
1639,1958
1152,1959
7752,1960
993,1961
3265,1962
8315,1963
51382,1964
54956,1965
2192,1966
55666,1967
51009,1968
79577,1969
7466,1970
3135,1971
23011,1972
5355,1973
56889,1974
10059,1975
8623,1976
4358,1977
7268,1978
9334,1979
55740,1980
27332,1981
57515,1982
54918,1983
9878,1984
1186,1985
7862,1986
3397,1987
51668,1988
37,1989
10755,1990
476,1991
85363,1992
27292,1993
6722,1994
55207,1995
740,1996
23564,1997
3223,1998
5420,1999
6541,2000
6832,2001
27034,2002
79647,2003
8613,2004
54981,2005
23370,2006
5479,2007
644,2008
11010,2009
7113,2010
87,2011
90,2012
3772,2013
10148,2014
23324,2015
8550,2016
1196,2017
6747,2018
9920,2019
1490,2020
51303,2021
64285,2022
738,2023
51310,2024
55860,2025
10263,2026
1281,2027
7148,2028
55450,2029
23595,2030
79016,2031
643641,2032
3614,2033
24149,2034
8660,2035
80339,2036
22911,2037
25977,2038
23076,2039
10621,2040
1020,2041
3431,2042
27352,2043
7571,2044
387509,2045
9801,2046
2669,2047
6821,2048
1939,2049
25801,2050
8480,2051
1399,2052
2189,2053
55781,2054
54480,2055
8542,2056
8208,2057
9829,2058
967,2059
54505,2060
55005,2061
79611,2062
23590,2063
51531,2064
51367,2065
7850,2066
9725,2067
51626,2068
56521,2069
149603,2070
8493,2071
80204,2072
8515,2073
79682,2074
9404,2075
7360,2076
7984,2077
162,2078
91754,2079
64689,2080
51292,2081
26520,2082
4931,2083
7168,2084
10010,2085
4779,2086
6051,2087
8794,2088
9064,2089
7102,2090
9352,2091
29763,2092
5034,2093
26503,2094
4247,2095
54741,2096
10776,2097
4852,2098
5321,2099
221037,2100
6477,2101
51409,2102
4329,2103
2355,2104
55240,2105
8036,2106
841,2107
11344,2108
57493,2109
55229,2110
2356,2111
10184,2112
51031,2113
54103,2114
23140,2115
56922,2116
204851,2117
1777,2118
1512,2119
3069,2120
8773,2121
51157,2122
9026,2123
23175,2124
29890,2125
10605,2126
79009,2127
10952,2128
8863,2129
9653,2130
1429,2131
57132,2132
57460,2133
64081,2134
27297,2135
6720,2136
1385,2137
5586,2138
9929,2139
22794,2140
2167,2141
5889,2142
10981,2143
151011,2144
54802,2145
23177,2146
8624,2147
2166,2148
4598,2149
79720,2150
9915,2151
55119,2152
10138,2153
4828,2154
2935,2155
710,2156
306,2157
79828,2158
537,2159
55696,2160
10308,2161
2946,2162
6236,2163
55177,2164
5349,2165
29100,2166
51611,2167
2054,2168
2052,2169
5583,2170
7189,2171
55209,2172
7690,2173
1746,2174
11336,2175
3385,2176
2059,2177
64778,2178
23480,2179
10758,2180
57535,2181
54881,2182
79056,2183
2264,2184
9275,2185
23344,2186
10226,2187
29116,2188
5447,2189
2157,2190
5782,2191
642,2192
23071,2193
26499,2194
25836,2195
9682,2196
754,2197
54930,2198
55312,2199
435,2200
6699,2201
55111,2202
8031,2203
4926,2204
1019,2205
51141,2206
1282,2207
4915,2208
5427,2209
10220,2210
51053,2211
6584,2212
55585,2213
1362,2214
64342,2215
2799,2216
56898,2217
29927,2218
2015,2219
65258,2220
6944,2221
9650,2222
10884,2223
2747,2224
89845,2225
9772,2226
10181,2227
1317,2228
23014,2229
29956,2230
6767,2231
1047,2232
23623,2233
23646,2234
56650,2235
80145,2236
23550,2237
9812,2238
3329,2239
9170,2240
55508,2241
1830,2242
81608,2243
2115,2244
5033,2245
56985,2246
4893,2247
9690,2248
1859,2249
22820,2250
540,2251
56270,2252
10600,2253
55272,2254
55152,2255
79180,2256
120,2257
51102,2258
3417,2259
2029,2260
9270,2261
11187,2262
378,2263
55501,2264
27230,2265
11014,2266
26012,2267
4094,2268
2200,2269
79627,2270
23475,2271
8581,2272
9973,2273
5111,2274
8906,2275
9921,2276
593,2277
55854,2278
8651,2279
439,2280
5792,2281
81627,2282
5104,2283
81669,2284
23219,2285
4720,2286
7637,2287
29926,2288
56940,2289
373156,2290
1032,2291
1192,2292
6449,2293
54187,2294
57404,2295
2802,2296
22822,2297
26232,2298
60490,2299
1051,2300
56623,2301
23236,2302
3976,2303
23277,2304
2040,2305
10015,2306
5538,2307
2039,2308
2876,2309
64847,2310
80127,2311
64834,2312
11047,2313
25948,2314
5883,2315
10282,2316
51065,2317
51291,2318
192286,2319
48,2320
9411,2321
5275,2322
10978,2323
26017,2324
56938,2325
10106,2326
2625,2327
7039,2328
2197,2329
4637,2330
28962,2331
4681,2332
54623,2333
9746,2334
55114,2335
155066,2336
7867,2337
55325,2338
10328,2339
6278,2340
64764,2341
6419,2342
79754,2343
2033,2344
25837,2345
8897,2346
55729,2347
10617,2348
10169,2349
2768,2350
5295,2351
26003,2352
1307,2353
11015,2354
80273,2355
51547,2356
23321,2357
29095,2358
2195,2359
54469,2360
2109,2361
57396,2362
8704,2363
2771,2364
2643,2365
3034,2366
133619,2367
7297,2368
51465,2369
63925,2370
9022,2371
5921,2372
51232,2373
8655,2374
11319,2375
55011,2376
1781,2377
11001,2378
336,2379
10775,2380
65986,2381
142,2382
26512,2383
5870,2384
9203,2385
5705,2386
25793,2387
55357,2388
79654,2389
55315,2390
2639,2391
57147,2392
5347,2393
6182,2394
9140,2395
83941,2396
28973,2397
4837,2398
2634,2399
10254,2400
55201,2401
51780,2402
8440,2403
7041,2404
183,2405
51322,2406
64745,2407
11332,2408
9601,2409
669,2410
4680,2411
9493,2412
8932,2413
8976,2414
3052,2415
3959,2416
54107,2417
6317,2418
22877,2419
10247,2420
7187,2421
2131,2422
5606,2423
5168,2424
8034,2425
10724,2426
81570,2427
4646,2428
9819,2429
1659,2430
4591,2431
9114,2432
54809,2433
22977,2434
9043,2435
55070,2436
2241,2437
1613,2438
10906,2439
93349,2440
32,2441
57161,2442
5037,2443
64798,2444
8667,2445
6318,2446
955,2447
10982,2448
23390,2449
8303,2450
2882,2451
10403,2452
7320,2453
2077,2454
6513,2455
51491,2456
6433,2457
1893,2458
27289,2459
4799,2460
55757,2461
10615,2462
3301,2463
871,2464
29775,2465
3098,2466
51430,2467
10994,2468
5214,2469
140467,2470
55758,2471
2537,2472
51069,2473
22908,2474
51081,2475
23008,2476
3312,2477
5193,2478
55654,2479
90333,2480
8649,2481
9526,2482
23587,2483
22862,2484
10781,2485
6945,2486
55664,2487
51021,2488
9688,2489
29902,2490
140890,2491
9308,2492
5007,2493
2886,2494
10499,2495
2071,2496
93408,2497
904,2498
8615,2499
1030,2500
6799,2501
5437,2502
25913,2503
1028,2504
7031,2505
23077,2506
490,2507
10159,2508
10351,2509
6820,2510
9375,2511
56851,2512
23348,2513
22907,2514
22903,2515
25854,2516
4154,2517
30,2518
5937,2519
347,2520
10827,2521
8409,2522
10772,2523
11315,2524
5018,2525
55890,2526
30827,2527
23263,2528
11334,2529
715,2530
6166,2531
57211,2532
90956,2533
998,2534
6383,2535
6764,2536
11231,2537
64328,2538
3313,2539
65057,2540
56904,2541
5877,2542
23243,2543
1797,2544
9330,2545
8884,2546
262,2547
11065,2548
23204,2549
10556,2550
79109,2551
10092,2552
51116,2553
9787,2554
9410,2555
7167,2556
4216,2557
5901,2558
10038,2559
79850,2560
56731,2561
1070,2562
1994,2563
29082,2564
26011,2565
23421,2566
23512,2567
54821,2568
7837,2569
4144,2570
1058,2571
9093,2572
23788,2573
220134,2574
1213,2575
4709,2576
22974,2577
55748,2578
24137,2579
54663,2580
6634,2581
9793,2582
6382,2583
51096,2584
1763,2585
55500,2586
55709,2587
1468,2588
29929,2589
6119,2590
54948,2591
3832,2592
1434,2593
29088,2594
7705,2595
64943,2596
5591,2597
7112,2598
9837,2599
57050,2600
716,2601
94134,2602
3181,2603
51596,2604
7372,2605
5706,2606
22827,2607
51337,2608
9031,2609
64785,2610
6390,2611
26355,2612
4691,2613
10383,2614
259266,2615
10362,2616
3682,2617
1738,2618
79714,2619
1503,2620
55256,2621
23244,2622
79595,2623
7083,2624
11340,2625
8520,2626
22984,2627
5985,2628
522,2629
11130,2630
79902,2631
8289,2632
5520,2633
27338,2634
64682,2635
9816,2636
6192,2637
64783,2638
10669,2639
7272,2640
84549,2641
80349,2642
22934,2643
1351,2644
328,2645
6894,2646
146909,2647
231,2648
55172,2649
7804,2650
22809,2651
5216,2652
4172,2653
10245,2654
9319,2655
54778,2656
51071,2657
7298,2658
55038,2659
10946,2660
7419,2661
890,2662
23658,2663
2778,2664
11113,2665
55723,2666
51022,2667
60528,2668
56992,2669
3065,2670
5073,2671
23397,2672
4670,2673
1622,2674
7076,2675
64981,2676
2956,2677
126299,2678
26292,2679
4351,2680
55131,2681
5718,2682
9324,2683
27131,2684
1665,2685
10528,2686
55032,2687
54512,2688
9798,2689
8140,2690
899,2691
10427,2692
2395,2693
8507,2694
5096,2695
4711,2696
23640,2697
4085,2698
57819,2699
2677,2700
5438,2701
51690,2702
79073,2703
10998,2704
22929,2705
79736,2706
1633,2707
641,2708
54892,2709
6491,2710
5529,2711
9060,2712
6904,2713
51441,2714
3838,2715
7153,2716
55120,2717
79039,2718
10190,2719
4175,2720
10460,2721
5223,2722
9019,2723
51025,2724
5471,2725
9673,2726
29087,2727
7374,2728
6183,2729
3419,2730
54995,2731
84975,2732
10131,2733
27249,2734
7138,2735
28978,2736
10664,2737
5690,2738
7398,2739
10244,2740
57016,2741
55299,2742
4502,2743
25906,2744
6241,2745
7257,2746
54477,2747
23543,2748
332,2749
23047,2750
55157,2751
7371,2752
617,2753
55010,2754
1477,2755
29107,2756
11331,2757
55347,2758
55699,2759
56915,2760
6632,2761
5601,2762
7416,2763
9088,2764
55165,2765
5441,2766
388650,2767
7037,2768
8243,2769
64425,2770
2099,2771
51659,2772
51495,2773
10128,2774
4830,2775
79893,2776
55012,2777
4686,2778
58478,2779
983,2780
55127,2781
4174,2782
831,2783
54922,2784
80324,2785
51115,2786
347902,2787
3855,2788
55775,2789
10409,2790
55858,2791
4717,2792
28977,2793
9833,2794
79672,2795
10926,2796
4833,2797
4522,2798
7284,2799
10360,2800
4173,2801
24147,2802
8697,2803
4282,2804
6626,2805
26271,2806
51075,2807
9231,2808
3028,2809
6059,2810
55651,2811
51138,2812
8891,2813
8453,2814
8428,2815
10940,2816
54475,2817
5326,2818
23326,2819
7086,2820
1398,2821
6636,2822
29127,2823
9700,2824
51203,2825
79866,2826
22948,2827
11162,2828
5684,2829
11073,2830
7027,2831
55355,2832
83743,2833
9054,2834
3066,2835
83461,2836
22868,2837
2305,2838
91949,2839
6629,2840
3833,2841
81930,2842
3336,2843
4001,2844
4751,2845
26354,2846
23511,2847
64318,2848
5245,2849
2877,2850
81620,2851
216,2852
5806,2853
4702,2854
65083,2855
55706,2856
23001,2857
80335,2858
2063,2859
54908,2860
226,2861
79019,2862
10146,2863
81831,2864
7443,2865
27072,2866
1105,2867
6277,2868
55035,2869
9055,2870
5980,2871
55839,2872
57405,2873
84747,2874
11168,2875
64062,2876
11044,2877
11137,2878
80004,2879
4521,2880
26278,2881
23435,2882
25926,2883
64208,2884
55182,2885
26063,2886
26155,2887
10171,2888
9156,2889
51318,2890
51182,2891
23394,2892
6876,2893
699,2894
1063,2895
51512,2896
6240,2897
51728,2898
7264,2899
23636,2900
23576,2901
23230,2902
8574,2903
5800,2904
3956,2905
4869,2906
3131,2907
471,2908
79892,2909
64151,2910
64429,2911
3945,2912
55159,2913
9698,2914
10885,2915
10807,2916
10714,2917
5983,2918
23386,2919
80347,2920
9941,2921
7846,2922
7465,2923
79000,2924
54915,2925
23406,2926
1164,2927
55226,2928
133,2929
55183,2930
25873,2931
27107,2932
51192,2933
6749,2934
4615,2935
55937,2936
996,2937
10902,2938
55388,2939
29899,2940
10572,2941
5042,2942
23774,2943
55023,2944
5198,2945
7866,2946
1352,2947
10694,2948
23404,2949
4913,2950
9784,2951
10212,2952
54906,2953
22836,2954
29901,2955
10728,2956
27340,2957
10440,2958
1808,2959
8443,2960
1736,2961
51375,2962
5279,2963
54517,2964
28958,2965
9040,2966
55003,2967
51805,2968
93974,2969
7390,2970
8607,2971
6996,2972
55922,2973
6047,2974
11339,2975
1387,2976
9736,2977
4863,2978
7329,2979
10376,2980
3927,2981
3251,2982
30968,2983
3161,2984
3320,2985
124583,2986
10609,2987
253943,2988
23367,2989
8603,2990
8396,2991
29796,2992
10024,2993
5378,2994
2697,2995
2091,2996
25843,2997
404672,2998
79084,2999
10591,3000
51593,3001
2237,3002
9569,3003
10498,3004
1962,3005
54680,3006
965,3007
908,3008
26589,3009
51236,3010
54982,3011
55247,3012
10127,3013
5050,3014
1033,3015
23063,3016
8602,3017
10606,3018
6421,3019
2288,3020
23518,3021
23160,3022
2107,3023
6877,3024
5026,3025
27349,3026
27316,3027
8531,3028
4712,3029
22845,3030
9529,3031
661,3032
51015,3033
3960,3034
27436,3035
7042,3036
1660,3037
10381,3038
10055,3039
166647,3040
9238,3041
2319,3042
5704,3043
2491,3044
50485,3045
10036,3046
3646,3047
5717,3048
10733,3049
55288,3050
2821,3051
26953,3052
10179,3053
7283,3054
128,3055
79075,3056
3221,3057
81929,3058
23350,3059
79733,3060
5052,3061
27430,3062
7106,3063
989,3064
9470,3065
54958,3066
51184,3067
10197,3068
3275,3069
1453,3070
56926,3071
113457,3072
1537,3073
56984,3074
1841,3075
25788,3076
28957,3077
64757,3078
65993,3079
26519,3080
5424,3081
5825,3082
5422,3083
55872,3084
11343,3085
57019,3086
5888,3087
29883,3088
23028,3089
9232,3090
10236,3091
79064,3092
387082,3093
5998,3094
9585,3095
6597,3096
6675,3097
51018,3098
6391,3099
708,3100
51202,3101
81539,3102
55702,3103
10652,3104
5093,3105
79833,3106
6627,3107
6574,3108
8192,3109
116987,3110
79590,3111
25839,3112
54069,3113
51651,3114
6596,3115
6286,3116
9704,3117
28986,3118
63933,3119
8573,3120
79609,3121
6573,3122
790,3123
6428,3124
170960,3125
84934,3126
51112,3127
4288,3128
81892,3129
23272,3130
23331,3131
8733,3132
7514,3133
10492,3134
10856,3135
518,3136
10939,3137
10165,3138
9874,3139
9188,3140
55052,3141
55291,3142
8317,3143
1155,3144
7769,3145
9329,3146
8805,3147
949,3148
171023,3149
23,3150
11232,3151
50628,3152
23246,3153
3276,3154
64963,3155
4258,3156
5902,3157
11169,3158
23171,3159
10712,3160
1635,3161
2194,3162
23598,3163
79077,3164
26521,3165
219654,3166
4026,3167
114884,3168
9263,3169
25936,3170
516,3171
5393,3172
396,3173
1487,3174
64216,3175
4832,3176
6253,3177
80155,3178
1894,3179
3298,3180
7431,3181
8239,3182
79622,3183
5764,3184
10565,3185
10592,3186
517,3187
5291,3188
1605,3189
5066,3190
5373,3191
79023,3192
11198,3193
4706,3194
1642,3195
6599,3196
55153,3197
55215,3198
10535,3199
56478,3200
55734,3201
80010,3202
79053,3203
23195,3204
23242,3205
1917,3206
51379,3207
29081,3208
10541,3209
22943,3210
64794,3211
10678,3212
80209,3213
81875,3214
9779,3215
51447,3216
523,3217
10061,3218
53371,3219
25804,3220
6936,3221
5709,3222
2820,3223
28960,3224
84790,3225
23214,3226
51650,3227
975,3228
28951,3229
9830,3230
64860,3231
57037,3232
56474,3233
55027,3234
80254,3235
10654,3236
4857,3237
3796,3238
55791,3239
3613,3240
23185,3241
57418,3242
9611,3243
26505,3244
8872,3245
1479,3246
7334,3247
51002,3248
5194,3249
55731,3250
6874,3251
9218,3252
4899,3253
65264,3254
5511,3255
54998,3256
79072,3257
4708,3258
55135,3259
22928,3260
9879,3261
10577,3262
51734,3263
57001,3264
10947,3265
7351,3266
10419,3267
8815,3268
3485,3269
10274,3270
27068,3271
3735,3272
51366,3273
5557,3274
23234,3275
6502,3276
10248,3277
2171,3278
285282,3279
29028,3280
8834,3281
5828,3282
8065,3283
3895,3284
79968,3285
2632,3286
55703,3287
11177,3288
1211,3289
84908,3290
79801,3291
26574,3292
10465,3293
2584,3294
3615,3295
9937,3296
23613,3297
23089,3298
390,3299
292,3300
64708,3301
6470,3302
4707,3303
9972,3304
8125,3305
26472,3306
54927,3307
54606,3308
3925,3309
9969,3310
10622,3311
4054,3312
64422,3313
5926,3314
49855,3315
55222,3316
55970,3317
9675,3318
23211,3319
7913,3320
7203,3321
23499,3322
51154,3323
3688,3324
51042,3325
4192,3326
5747,3327
57045,3328
5527,3329
8438,3330
29071,3331
9500,3332
7347,3333
2960,3334
8728,3335
10489,3336
9112,3337
54934,3338
3182,3339
1967,3340
54537,3341
27067,3342
3206,3343
9908,3344
1933,3345
55759,3346
8099,3347
3607,3348
4690,3349
10072,3350
10196,3351
55151,3352
22954,3353
81034,3354
10544,3355
6342,3356
29894,3357
10322,3358
79158,3359
10799,3360
347733,3361
51691,3362
26586,3363
10970,3364
55619,3365
3148,3366
4695,3367
54470,3368
23165,3369
7756,3370
1854,3371
6650,3372
58986,3373
10417,3374
9581,3375
80205,3376
23203,3377
302,3378
84986,3379
1892,3380
1107,3381
8533,3382
387707,3383
1138,3384
158471,3385
1965,3386
115939,3387
25940,3388
29117,3389
79176,3390
7422,3391
23310,3392
369,3393
11143,3394
51574,3395
79085,3396
60488,3397
1663,3398
55164,3399
249,3400
7511,3401
26207,3402
51371,3403
64418,3404
25898,3405
26009,3406
11335,3407
55329,3408
1723,3409
57122,3410
3149,3411
51125,3412
399665,3413
7965,3414
3015,3415
23300,3416
27341,3417
56848,3418
55039,3419
1591,3420
5932,3421
22976,3422
10762,3423
79803,3424
5810,3425
4478,3426
116496,3427
3146,3428
84942,3429
9841,3430
79058,3431
1513,3432
11236,3433
960,3434
4436,3435
26128,3436
10199,3437
7703,3438
10278,3439
4905,3440
80789,3441
2971,3442
10575,3443
10434,3444
8895,3445
10687,3446
80306,3447
51106,3448
7518,3449
60313,3450
10721,3451
55658,3452
55751,3453
55161,3454
545,3455
9136,3456
9931,3457
54344,3458
6093,3459
4281,3460
64858,3461
10769,3462
55643,3463
65110,3464
25864,3465
6426,3466
5965,3467
6643,3468
56995,3469
3692,3470
51388,3471
5425,3472
5859,3473
4628,3474
131566,3475
55149,3476
5683,3477
23269,3478
51809,3479
4176,3480
64223,3481
22938,3482
23589,3483
5036,3484
5928,3485
1312,3486
1431,3487
54148,3488
9443,3489
900,3490
1719,3491
9057,3492
2530,3493
23580,3494
4999,3495
5799,3496
5092,3497
9960,3498
55257,3499
5933,3500
55830,3501
865,3502
51451,3503
7980,3504
3842,3505
29777,3506
8505,3507
9110,3508
5610,3509
6678,3510
521,3511
79707,3512
3835,3513
25813,3514
2218,3515
136,3516
9448,3517
9474,3518
81614,3519
4190,3520
10363,3521
54433,3522
64222,3523
3012,3524
10857,3525
78988,3526
3550,3527
55813,3528
51329,3529
9557,3530
56943,3531
311,3532
1478,3533
55082,3534
83990,3535
9631,3536
63931,3537
11180,3538
56257,3539
7884,3540
8888,3541
3839,3542
83759,3543
51181,3544
1789,3545
51319,3546
51143,3547
26057,3548
2079,3549
4976,3550
25796,3551
246243,3552
81619,3553
79657,3554
29078,3555
5442,3556
9692,3557
2013,3558
123,3559
6835,3560
56910,3561
158,3562
79184,3563
55297,3564
57496,3565
51205,3566
5910,3567
3980,3568
10452,3569
57107,3570
1111,3571
27339,3572
5955,3573
6434,3574
81611,3575
3037,3576
6813,3577
2034,3578
23271,3579
23594,3580
5519,3581
368,3582
4350,3583
57017,3584
27005,3585
718,3586
64172,3587
90806,3588
9877,3589
1163,3590
26097,3591
51287,3592
54826,3593
51374,3594
55125,3595
55055,3596
1849,3597
124222,3598
55625,3599
29923,3600
1981,3601
5328,3602
5435,3603
79050,3604
8801,3605
79959,3606
79829,3607
56954,3608
1397,3609
11167,3610
572,3611
205,3612
5805,3613
55848,3614
23369,3615
3612,3616
7155,3617
3858,3618
5685,3619
4255,3620
57109,3621
28992,3622
3084,3623
9765,3624
1039,3625
55341,3626
10474,3627
51397,3628
2580,3629
23065,3630
25797,3631
2130,3632
10295,3633
57099,3634
9870,3635
6926,3636
1476,3637
54780,3638
10054,3639
3426,3640
51108,3641
8662,3642
10963,3643
7541,3644
6595,3645
9475,3646
4885,3647
2021,3648
5830,3649
10522,3650
1875,3651
10389,3652
10935,3653
23091,3654
26610,3655
10455,3656
5001,3657
55181,3658
6662,3659
9697,3660
22937,3661
79135,3662
8454,3663
9401,3664
8322,3665
5351,3666
3981,3667
8241,3668
60491,3669
29781,3670
1861,3671
8266,3672
2161,3673
9189,3674
10073,3675
80233,3676
3875,3677
8883,3678
4501,3679
3939,3680
51368,3681
286148,3682
3190,3683
58516,3684
203068,3685
4953,3686
1977,3687
53615,3688
23107,3689
10020,3690
10280,3691
2678,3692
10576,3693
63935,3694
80346,3695
55133,3696
54529,3697
51016,3698
55074,3699
10195,3700
55847,3701
57570,3702
4726,3703
9168,3704
23517,3705
5931,3706
23093,3707
218,3708
3091,3709
10933,3710
9123,3711
9575,3712
8871,3713
55900,3714
26037,3715
29079,3716
55746,3717
1601,3718
7386,3719
81848,3720
23301,3721
9166,3722
10801,3723
5192,3724
6274,3725
4191,3726
9326,3727
10445,3728
5771,3729
3720,3730
51321,3731
79001,3732
23399,3733
51594,3734
56252,3735
6464,3736
9158,3737
80760,3738
54901,3739
25984,3740
51603,3741
8269,3742
24141,3743
1973,3744
4696,3745
4928,3746
10656,3747
445,3748
10243,3749
3357,3750
6717,3751
11104,3752
51614,3753
23768,3754
56993,3755
55833,3756
22890,3757
60485,3758
57665,3759
10430,3760
5977,3761
51035,3762
7580,3763
10614,3764
5515,3765
6711,3766
22920,3767
650,3768
